"","logFC","AveExpr","t","P.Value","adj.P.Val","B"
"CYP4B1",3.63665493869864,4.83331556604789,25.0538198956882,2.63622432170078e-90,5.14142829461303e-86,194.806422483128
"ADH1B",2.8410068192434,3.33828428274148,22.4528938333085,1.07627568365915e-77,1.04953023292022e-73,166.072536514828
"ADAMTS8",1.57737983884845,1.63565681996726,19.5017741621547,2.19082027431567e-63,1.42425226033262e-59,133.445963008603
"INMT",1.99361874321553,3.90087147676573,18.5826494383772,5.68740066372305e-59,2.77303437861476e-55,123.377273909785
"VEGFD",1.97713111647705,2.11214087351626,18.3506124083148,7.30652151255723e-58,2.84998178118807e-54,120.848072914165
"SCN4B",1.21902362131646,1.8192671448519,17.8166836091199,2.53954476888731e-55,8.25479027126819e-52,115.051768053884
"C16orf89",3.21010215664625,6.88201116364809,17.7094607752368,8.18736966525638e-55,2.28111815116422e-51,113.892088994135
"CFAP221",1.56217759182062,2.1650133566289,17.4522940767008,1.34789825870123e-53,3.28600746743126e-50,111.117116203247
"MAMDC2",1.68330704940389,2.62327449889847,17.1808591509151,2.56497921744431e-52,5.55830996420181e-49,108.198644276638
"CENPA",-1.53234948515762,3.03550723045904,-16.9766817087988,2.33443076424664e-51,4.55284031951022e-48,106.01088879392
"C7",2.33924732714748,4.73065762038335,16.923930024959,4.12565097094743e-51,7.3147791714898e-48,105.446761006754
"SCN7A",1.50890433322222,2.37234699124719,16.9130642731331,4.63882876037865e-51,7.53925644280539e-48,105.330620045354
"C1QTNF7",1.12665175492676,1.31225053397575,16.7546848044642,2.55602373113515e-50,3.83462544833299e-47,103.640024183495
"ABCA8",1.1800616621638,1.43496677497549,16.4912526065347,4.32573379847578e-49,6.02605616226237e-46,100.837846002195
"CDCA3",-1.20643464666333,2.57992395648834,-16.3395639565986,2.19238185520306e-48,2.85053488813502e-45,99.2301126254678
"SKA3",-1.24482805288931,2.7496490467069,-16.2078762932904,8.93858376067609e-48,1.08196451895512e-44,97.8379600062924
"METTL7A",1.22966906270801,5.53101510076212,16.2028445690161,9.43106025854328e-48,1.08196451895512e-44,97.784834207931
"TROAP",-1.49447915774011,3.144757379354,-16.1667040160751,1.3860861206941e-47,1.50182431177206e-44,97.4034045007239
"PEBP4",2.69698465293198,4.00397718347239,16.1179349698117,2.32955813507456e-47,2.39123012149259e-44,96.8891086187346
"AURKB",-1.50887586173412,3.90342204938246,-16.0303443430387,5.91179714538784e-47,5.76488898632495e-44,95.9666330577387
"SUSD2",2.54203869346525,5.37079046536635,16.00529297616,7.71377108094835e-47,6.83825806326071e-44,95.7030908206937
"CCNB2",-1.36019252230145,4.18082082615885,-15.9752557394177,1.0610502796889e-46,8.99724504555328e-44,95.3872690134517
"BIRC5",-1.62235323688308,4.58738813090043,-15.8863904610972,2.72216488838218e-46,2.21209924242157e-43,94.4540200103237
"HJURP",-1.48343764884644,3.36923419671817,-15.8755909674884,3.05204407648197e-46,2.38096062494512e-43,94.3407196995383
"MCM10",-1.29123639544322,2.31752007166746,-15.7823960054101,8.18130916457188e-46,6.1369258706402e-43,93.3640302894642
"CEP55",-1.43840426732609,4.13402776214829,-15.7364969687222,1.32870150024391e-45,9.59765383676183e-43,92.883700062424
"CCNB1",-1.34310179082465,5.30162931657331,-15.7275652334974,1.4601137012931e-45,1.01702133986854e-42,92.7902839355318
"CDC20",-1.6048305524687,5.2604611578327,-15.7128551302661,1.70540575878503e-45,1.1469147763305e-42,92.6364708732434
"TPX2",-1.66269142872823,5.110816484201,-15.7018471170633,1.91550045683598e-45,1.24526684698907e-42,92.521399295372
"UBE2C",-1.87477126697727,5.86499965105676,-15.64670053925,3.42662395576789e-45,2.15578861320456e-42,91.9453345453918
"NFIX",1.37571471144561,4.93922989703818,15.5243009913375,1.24284959548778e-44,7.57477989399942e-42,90.6691951511169
"AUNIP",-1.05251925985374,1.95989464919789,-15.4543168363794,2.59227210213679e-44,1.50304019556108e-41,89.9410865127187
"ATP13A4",2.09420521407221,3.43552094806981,15.453292884994,2.62028234882206e-44,1.50304019556108e-41,89.9304418855976
"NCAPG",-1.3538305447178,3.02087765802991,-15.4393205466235,3.03408623003155e-44,1.64078919070457e-41,89.7852150711893
"CTSH",1.60053725340447,7.55218487462523,15.4390392642081,3.0430541318129e-44,1.64078919070457e-41,89.7822919255676
"SLC15A2",1.44401941459045,3.36976637699461,15.4368790645361,3.11281341619593e-44,1.64078919070457e-41,89.7598432984952
"CDCA5",-1.40568675960742,3.87435615537487,-15.4268904005003,3.45670550359871e-44,1.77410861675489e-41,89.6560561374421
"ACKR1",1.80060882957418,3.58974562334075,15.4218618862563,3.64392061270064e-44,1.82224060793591e-41,89.6038162703318
"SCTR",2.24048424009478,3.22482408523966,15.4008434874843,4.54241225808027e-44,2.21476665673349e-41,89.3855264054945
"KIF23",-1.25854282504291,3.02728918078865,-15.3792604448188,5.69545383181293e-44,2.70923014833775e-41,89.1614811345245
"NUF2",-1.39335724994378,3.26338307244005,-15.3087562552235,1.19155343105436e-43,5.50798865767368e-41,88.4303783968479
"KIF2C",-1.45455885731461,3.9572275873509,-15.3069411417696,1.21439528421252e-43,5.50798865767368e-41,88.4115720846457
"SKA1",-1.2572439903106,2.51306962120689,-15.2894278543997,1.45851172789846e-43,6.46485323390992e-41,88.2301585390495
"SFTPD",2.87972218747544,7.34790463272942,15.2574738891457,2.03690103246734e-43,8.82792907471346e-41,87.8993509584955
"SCGB3A2",3.7225783733123,7.17984113218472,15.1734505223981,4.8965486997087e-43,2.03185934660465e-40,87.0306794307373
"PHACTR1",1.01158229542561,2.12311214794108,15.1657615996869,5.30530198302833e-43,2.1556105119792e-40,86.9512747982251
"CCNA2",-1.36052015289764,4.17138630043157,-15.1465261774043,6.48323369624093e-43,2.58045932199565e-40,86.7526920857471
"AURKA",-1.32355054888595,4.33764578691361,-15.0953285503934,1.10503368635659e-42,4.31029439700253e-40,86.2245880016886
"HLF",1.71673541216696,2.71520335365033,15.0755837341215,1.35709908132165e-42,5.11018890274352e-40,86.0210959081902
"NR3C2",1.24620163306258,2.85315831277438,15.0752014452034,1.3625074242048e-42,5.11018890274352e-40,86.0171569703536
"BUB1B",-1.28316843158502,3.20106839274964,-15.0704052700884,1.4322155539551e-42,5.27028300920498e-40,85.9677424181786
"NEK2",-1.41851825319347,3.6316742822539,-15.0534408949283,1.7085769506164e-42,6.17081041997622e-40,85.7930067385442
"PLK1",-1.28909354925936,3.83033343323645,-15.0026070589167,2.89771125808121e-42,1.0275284121156e-39,85.2698486697771
"MGP",1.42091794354499,7.52883044607648,14.9904580864096,3.28732603484345e-42,1.14486999388485e-39,85.1449149437564
"NCAPH",-1.32721639872144,3.47955544421123,-14.9629935588348,4.37157204877023e-42,1.49576788889764e-39,84.8626239071944
"KIF4A",-1.42852833057168,3.4601026702795,-14.9330702579714,5.96237229905438e-42,1.99733723023636e-39,84.5552824775479
"RAD51",-1.04534819355273,2.77349627889258,-14.9317858762598,6.04229588186153e-42,1.99733723023636e-39,84.5420958246347
"PIGR",3.19489522146114,7.3262028019554,14.9053029257172,7.95058951982853e-42,2.54608593518769e-39,84.2702930251896
"SGO1",-1.04860516176605,2.01689483537957,-14.9051468738496,7.96345393254624e-42,2.54608593518769e-39,84.2686919581478
"MYBL2",-1.82784839026978,5.20796856386706,-14.8948705903724,8.85793590051823e-42,2.7863923204485e-39,84.1632729561959
"CHRDL1",1.78758831091431,3.27559032041607,14.8368205326749,1.61533659144736e-41,5.00062056238062e-39,83.5682885822232
"ADGRF5",1.8056295182393,6.13846742607813,14.8320633472718,1.69679401582791e-41,5.17071463917058e-39,83.5195691959995
"KPNA2",-1.15961519013527,6.48493131158909,-14.7966914881289,2.44576184232384e-41,7.33841434012952e-39,83.1575065867238
"BTNL9",1.20880280741522,1.70678078259797,14.7901537796377,2.61665380737823e-41,7.73221200080267e-39,83.0906237715687
"CDC45",-1.29640192161835,3.29265934982088,-14.7658591342048,3.36281741771934e-41,9.78881016384782e-39,82.8421820510955
"EXO1",-1.25420136552363,2.67802035706351,-14.7546723178176,3.77442709185077e-41,1.08253899371126e-38,82.7278367234281
"PRC1",-1.18837129759871,4.00828088587298,-14.7108124853442,5.93366361684767e-41,1.67716292057073e-38,82.2798515452742
"SELENBP1",1.66137650201247,6.85679248338726,14.6701475490676,9.02155122324805e-41,2.5135330501001e-38,81.8649650216832
"PIMREG",-1.27836869468245,2.64796616451753,-14.6495139802256,1.11566260369139e-40,3.06461517743565e-38,81.6546223518265
"MFAP4",1.72256782572361,6.35473436165921,14.6239909242967,1.45069177695235e-40,3.92956135081967e-38,81.394596919677
"IL33",1.49485152585782,4.07644871355328,14.5648160757809,2.66489838117721e-40,6.92980175041322e-38,80.7924238053752
"DPYSL2",1.08464093511929,5.87125786481309,14.5622566723008,2.73586156165956e-40,7.02072474171663e-38,80.7664008306494
"CACNA2D2",2.21339870859201,3.77251085130919,14.5535085140896,2.9929529196031e-40,7.58072218065186e-38,80.6774669094188
"DEPDC1",-1.27049801877376,2.38709498123332,-14.5406369289286,3.41565583447964e-40,8.54045329998159e-38,80.5466530338103
"OIP5",-1.10988529026799,2.63388904176646,-14.5339412358162,3.65857330131643e-40,9.03204494880688e-38,80.4786230613689
"CDKN3",-1.35174031240711,3.61419031135582,-14.5052280532704,4.91137343702304e-40,1.19733145177825e-37,80.1870324032741
"UBE2T",-1.2346265053551,5.47230486317421,-14.5028777872551,5.03114474931949e-40,1.21138785241948e-37,80.1631750441721
"TMPRSS2",1.70613849779804,5.31453664870038,14.4992197825306,5.22338022536475e-40,1.24233639677181e-37,80.1260460344167
"MAD2L1",-1.18345739046352,3.21080690137437,-14.4785447116194,6.45598990688765e-40,1.51191407049036e-37,79.916263629341
"FOXM1",-1.46185697509691,4.07881272824651,-14.4777035993388,6.51185878691431e-40,1.51191407049036e-37,79.9077317293976
"PRR11",-1.29488737536753,3.48393168540797,-14.4700840671685,7.04045169253915e-40,1.61541093364225e-37,79.8304514367775
"TTK",-1.26584897341188,2.66266315663647,-14.4625398582805,7.60595879490426e-40,1.72487226019788e-37,79.7539513276715
"TCF21",1.20314386923248,1.96134167581928,14.4156346911702,1.22916675058161e-39,2.75545277432105e-37,79.2786851637187
"CD302",1.12281194715881,3.4076918459369,14.4134461535678,1.25698616182928e-39,2.78579558115414e-37,79.2565251773899
"DSCC1",-1.07207655810857,3.0639939613819,-14.4047559874385,1.37378645977368e-39,3.01044464325462e-37,79.1685466577909
"DUOX1",1.64272001544411,3.25140471274178,14.402149033241,1.41089143598763e-39,3.0574017417852e-37,79.1421582962182
"RNASE1",1.66200765810051,9.49963991158972,14.3986716240955,1.46194588284636e-39,3.13322313770907e-37,79.1069619709231
"LRRK2",1.94123528830444,3.5977946094209,14.3784184366604,1.79810014420905e-39,3.81177686005533e-37,78.9020400543128
"ANLN",-1.50917992968801,4.1460444856868,-14.3675687480601,2.00882986918724e-39,4.2127106385762e-37,78.7923114633437
"GGTLC1",2.52236426026953,3.72484839796215,14.3405697479845,2.64634745743729e-39,5.49060792153186e-37,78.519404250797
"ESPL1",-1.17722199410574,2.34795561862283,-14.331671254751,2.89787380204988e-39,5.88721174597695e-37,78.4295041902551
"DLGAP5",-1.37440185186214,3.50032310740319,-14.2898240702801,4.44003319665431e-39,8.87374607329692e-37,78.0070382952851
"PLA2G1B",2.18720299407024,2.86378819444624,14.2894070701601,4.4589402409019e-39,8.87374607329692e-37,78.0028310710617
"CLEC3B",1.50025976708,4.03086124848294,14.2765977105277,5.08052665414598e-39,1.00086375086676e-36,77.8736189177564
"KIF18B",-1.34893125862214,2.89306255052184,-14.260584013856,5.98045954870578e-39,1.16636902578409e-36,77.7121514149537
"CDCA8",-1.23353314292678,4.34832640434383,-14.1046560447796,2.91509367888429e-38,5.57383059012552e-36,76.1439003743755
"ITGA8",1.14754832920662,2.64854717365307,14.0971614806003,3.14511962534218e-38,5.89800654356237e-36,76.0687075061226
"C1orf116",1.88712976607701,6.33754695723005,14.091186054031,3.34141635544296e-38,6.20644220763849e-36,76.0087683387776
"SPAG5",-1.21062756223603,3.92366993118093,-14.0473756415365,5.2067182236081e-38,9.57987033160648e-36,75.5696406192748
"CDC25C",-1.03711138803078,2.22770324467757,-13.9647447172269,1.20004336335114e-37,2.16707830698493e-35,74.7430038546566
"SPARCL1",1.15082563482614,6.8805304086854,13.9457110811756,1.45411290276618e-37,2.57814217660444e-35,74.5528914979212
"NDRG2",1.12426884873556,3.82788725849895,13.9344662355809,1.62872444429497e-37,2.86171286820583e-35,74.4406284175103
"SFTPC",4.19145606764053,6.46376409598332,13.9154563982789,1.97272646361961e-37,3.43518609106903e-35,74.2509332764592
"CKAP2L",-1.15798500078441,2.57652750525919,-13.9127999460704,2.0262457152743e-37,3.49715665353934e-35,74.2244341108891
"PBK",-1.40575783884013,3.38019521487582,-13.8808920047222,2.79417509758343e-37,4.73867799375387e-35,73.9063128850872
"CAVIN2",1.42923903205034,4.79136612935581,13.8689027181994,3.15251732401004e-37,5.25500387779211e-35,73.7868629101842
"CDC6",-1.27845534665536,3.46551043225465,-13.8675180033341,3.19674986285158e-37,5.28357733688088e-35,73.773069836725
"BUB1",-1.22103894054135,3.42078344846447,-13.8661605686714,3.24071142628995e-37,5.31122646612882e-35,73.7595490879964
"ABI3BP",1.24285781174854,2.75084023242133,13.8614763875795,3.39709205982557e-37,5.47549474733704e-35,73.7128967032412
"AQP4",2.39593406029787,4.19881667381531,13.8499467016751,3.81480265349485e-37,6.09836853697623e-35,73.5980956745811
"TBX4",1.20550962388595,2.73116629207264,13.8393661314434,4.24301739789243e-37,6.72776978138993e-35,73.4927820540039
"CDK1",-1.25303364544941,4.43834976233441,-13.8232607037524,4.98854299556503e-37,7.84609306794393e-35,73.3325450596952
"NUSAP1",-1.14422978507291,4.77892784657178,-13.8190477807825,5.20423504949888e-37,8.11985569363014e-35,73.2906432354952
"SPATA18",1.43936189901641,2.45335724579035,13.8160699961035,5.36227469781958e-37,8.30003519298216e-35,73.2610295347098
"NDC80",-1.21905375822007,3.13975175608051,-13.7876588604852,7.13257012377114e-37,1.09532689073944e-34,72.9786266506572
"FAM107A",1.32427639873476,2.35856266598925,13.7851554908624,7.31404356366108e-37,1.11442024704752e-34,72.9537558690436
"CLIC5",1.57045974782227,2.95002826300082,13.77417856441,8.16568564710314e-37,1.23453773004227e-34,72.8447246848331
"RACGAP1",-1.0361585823876,4.43643101589909,-13.7637826824534,9.06317317642191e-37,1.35968512661351e-34,72.7415005460112
"DUOXA1",1.52679974255389,3.0275031586813,13.7578922482493,9.61466441053939e-37,1.43141068701336e-34,72.6830279079226
"MELK",-1.3771347362304,3.62500770135058,-13.7478813259945,1.06297323779141e-36,1.57054295883681e-34,72.5836780094101
"KIF11",-1.14323948883129,3.8757189237453,-13.7354949425957,1.2034667451243e-36,1.7647527767037e-34,72.4607984221323
"RRM2",-1.37471863604433,4.66786044998496,-13.6668940752123,2.39127807359467e-36,3.48038031860574e-34,71.7811416562761
"VIPR1",1.15983241175475,2.56676625004166,13.6435149440428,3.02067120713606e-36,4.36386300390922e-34,71.5498657834843
"ACADL",1.11667091437261,1.36132007968588,13.6281743514898,3.52082717362682e-36,5.0121673260762e-34,71.3982078666851
"SAPCD2",-1.21380098908937,3.5060093942921,-13.620020147093,3.8194489062256e-36,5.39787768247232e-34,71.3176264854242
"KIF14",-1.08812421549714,2.12216488602047,-13.6129987937443,4.09672825309003e-36,5.748092886332e-34,71.2482577113338
"ARHGAP11A",-1.07084363127504,2.9924811058734,-13.5874193084446,5.28762470448417e-36,7.36603890082534e-34,70.9956781460618
"SLC22A3",1.78418690482953,4.23132317616048,13.5693640995521,6.33036350466241e-36,8.75610492421497e-34,70.8175260643177
"AGER",2.21434050251799,5.175533322755,13.5517368014088,7.54568884889586e-36,1.03636316633814e-33,70.6437007602373
"KIFC1",-1.28439035065125,4.2483866308308,-13.5414186146205,8.36224943398572e-36,1.13256215771544e-33,70.5419996997701
"CPAMD8",1.52672405488885,2.69766377058679,13.5137859742515,1.10091387171e-35,1.48076711999725e-33,70.2698142812313
"TNS1",1.10189605643646,5.38156175736389,13.4727053611555,1.65615822016011e-35,2.19728256923691e-33,69.865638391174
"ADRB2",1.06464141505923,2.23935895377609,13.4421509189881,2.24309795567003e-35,2.95588779928599e-33,69.5653948719551
"EMCN",1.02156515994938,2.75973355999438,13.4060287886867,3.20940828189845e-35,4.17287264812436e-33,69.2108494867558
"RASGRF1",1.43000864239879,1.91874236034343,13.3686285046923,4.64840223005918e-35,5.96432820347659e-33,68.8442285143136
"A2M",1.23528401207834,8.67446601818139,13.3352451458303,6.46737508708033e-35,8.24400106688416e-33,68.5173899932377
"CD1C",1.51984368887649,3.04089655183604,13.3304237722911,6.78310128972315e-35,8.53489190022391e-33,68.4702182995624
"ACSS1",1.11040462181215,3.98232990125032,13.3180027337655,7.66904370039148e-35,9.58777944158558e-33,68.3487295253343
"PKMYT1",-1.08509227133661,2.79033304067793,-13.3089697393599,8.38489515450336e-35,1.04159624330114e-32,68.2604124071533
"HIGD1B",1.05503878477842,3.03820795091055,13.3019971998708,8.98266554503481e-35,1.10879067167604e-32,68.1922600733202
"CENPW",-1.15475789793336,4.50030942486576,-13.2989255105352,9.2593059521352e-35,1.13574996216662e-32,68.1622415376521
"PCLAF",-1.09069224393334,3.65279959930681,-13.2935860256854,9.76054129055087e-35,1.18364396234777e-32,68.1100684455701
"FHL1",1.33041902516719,3.65788147206692,13.2934760234811,9.77114689729739e-35,1.18364396234777e-32,68.1089936980012
"SELENOP",1.28629609512327,5.3500723143711,13.2865955303654,1.04578485992527e-34,1.25900877303226e-32,68.0417780242357
"FOLR1",2.28786177447092,7.04902441405253,13.2797441033673,1.11894173108913e-34,1.33881721358474e-32,67.9748626870514
"DLC1",1.31612110088618,4.09183782231427,13.2758675857967,1.16256980612612e-34,1.38253652005352e-32,67.9370094342195
"PRG4",1.55351618712457,1.81199098175132,13.2575650987873,1.3925725603332e-34,1.64602076631384e-32,67.7583609844997
"SPC25",-1.04050070779231,2.92633971347254,-13.2518856268039,1.47277223981122e-34,1.71996868221786e-32,67.7029481410956
"SPC24",-1.02562192653591,3.10848507444976,-13.2499546048664,1.50107544635565e-34,1.7425877637068e-32,67.6841103340907
"CX3CR1",1.19168764635383,1.97519237459806,13.2381350970221,1.68651773512404e-34,1.94628138391267e-32,67.5688353202677
"SCGB3A1",3.40070649346447,6.84431782835099,13.2332515363646,1.76964738739258e-34,2.03020194095985e-32,67.5212205368468
"CIP2A",-1.03591738988861,2.62566344497316,-13.2269537039392,1.88290591958609e-34,2.13501826451671e-32,67.4598289590696
"CLDN18",2.7001104018481,3.49225212218726,13.2047879484872,2.34209703539704e-34,2.64034210874846e-32,67.2438671659295
"GTSE1",-1.10959222823359,2.88961183737584,-13.1897583477826,2.71534986110396e-34,3.04353266328221e-32,67.0975318470064
"UBE2S",-1.10739756852976,4.18239111178859,-13.1822940891136,2.92218333636498e-34,3.25664809195007e-32,67.0248859851058
"TNXB",1.23030686395154,2.02643674242391,13.1352362539495,4.63987402680232e-34,5.08379006431043e-32,66.5673513769768
"FCER1A",1.82960977518236,3.01631095500043,13.1298124203731,4.89359620264872e-34,5.33183277878536e-32,66.5146671526615
"ITGA9",1.15652051052225,3.55695696998737,13.1264058321453,5.05997279845708e-34,5.48248052712825e-32,66.4815827473583
"ASPM",-1.14518650031306,2.51250531266521,-13.0564706257619,1.00424280057956e-33,1.05868904538936e-31,65.803300074856
"MS4A2",1.06940296726677,1.70566957631242,13.0282367619468,1.32374660379172e-33,1.38058984030749e-31,65.5299674491079
"ORC1",-1.05668136852297,2.74532202345186,-13.0070219306616,1.62878884873312e-33,1.67190889036011e-31,65.3247766684871
"KIF20A",-1.10880608880385,3.73226015605758,-12.9942514906658,1.84519795448014e-33,1.86460599514125e-31,65.2013394617756
"ROS1",1.86212851513998,4.14682257039323,12.9896493973965,1.9300159416558e-33,1.94026293351099e-31,65.1568708926924
"ELN",1.56233771935551,5.06948376232995,12.969755718008,2.34365392418339e-33,2.32021738494156e-31,64.9647336879838
"FMO2",1.29312877519723,3.59121766176558,12.9679833585378,2.38453537763786e-33,2.34876734697329e-31,64.9476229115334
"SGCA",1.10607341460996,2.28646294425646,12.9565650423003,2.66548602312345e-33,2.61231024668225e-31,64.8374154226735
"SHROOM4",1.04295891707096,2.79113757725231,12.9493176335418,2.86067592727705e-33,2.78958813048422e-31,64.7674896089417
"HSD17B6",1.67381968382026,4.01953353544562,12.8933095496384,4.93601979119372e-33,4.78941263620155e-31,64.2277550487863
"RAD54L",-1.07171246785337,2.54317554528406,-12.8381826781143,8.43465095312351e-33,7.94690809366028e-31,63.6976490594591
"TRIP13",-1.26241338775898,3.88283110155052,-12.8376043364047,8.48214510445808e-33,7.95323442174259e-31,63.6920936743994
"PLA2G4F",1.33005118664434,2.46634762452236,12.8234356264561,9.73265415686393e-33,8.99601677826147e-31,63.5560322308657
"ZWINT",-1.08025776405511,5.11942029987699,-12.8177486733844,1.028476708318e-32,9.46150058600281e-31,63.5014418627835
"ESYT3",1.14369971011759,2.42629718286648,12.8039840574846,1.17536527518861e-32,1.07473965029139e-30,63.3693624395967
"TOP2A",-1.37816954314166,5.43226765736086,-12.7706153732001,1.62404619000786e-32,1.47319873691736e-30,63.0494668743066
"CDCA2",-1.00077784233729,2.27727651863375,-12.7278576466483,2.45623590557573e-32,2.18739583865039e-30,62.6401772351038
"GPIHBP1",1.23641956362229,2.04371823539278,12.6839328148348,3.75433723886394e-32,3.29823599862898e-30,62.2204405925508
"MKI67",-1.2756996163524,3.89869839761647,-12.6662086399849,4.45446312725743e-32,3.86112863870674e-30,62.0512811728951
"RAD51AP1",-1.06766015967024,3.38701561970671,-12.6511028225317,5.1528292331462e-32,4.44670922717037e-30,61.9072066368769
"CYP4X1",1.55176815056406,3.47787297608131,12.6453616190355,5.44596831817056e-32,4.65845263637195e-30,61.8524718879125
"DEPDC1B",-1.09247204722826,2.53344048911343,-12.6373788854027,5.88135111712602e-32,5.00890789682571e-30,61.7763882512118
"TK1",-1.20949774936888,6.29841883338956,-12.6351552824435,6.00868444228794e-32,5.09510315991051e-30,61.7551994146533
"CYBRD1",1.17282203021815,5.9521693466106,12.6328289269593,6.14484117643197e-32,5.18800162181614e-30,61.7330334875157
"EDNRB",1.09659808900124,3.03445319992282,12.6251083995061,6.61910945698669e-32,5.56433154050049e-30,61.6594859221923
"HPGDS",1.19814472307765,2.44325139575045,12.5967093843849,8.69930707372135e-32,7.25053785721314e-30,61.3891487966904
"MCM4",-1.01398366284191,5.13901627202088,-12.5755884122615,1.06577560338634e-31,8.80755152239143e-30,61.1882962132682
"CA3",1.1333826147854,1.82874617565634,12.5635034307956,1.19698155985768e-31,9.85009762105664e-30,61.0734507002646
"CD1E",1.36544897239428,2.10167289519903,12.5438414118875,1.44567254032532e-31,1.18466182999852e-29,60.8867212957202
"PLLP",1.06874873038655,3.22733955208462,12.518064665198,1.85118291414672e-31,1.49807553421592e-29,60.6421499810913
"VSIG2",2.01401822916091,4.59603506924194,12.5095533486533,2.00854053880249e-31,1.61203975836482e-29,60.5614514183145
"FAM83D",-1.19960040858208,3.91788591532968,-12.4876698996937,2.47697398773417e-31,1.97985342962211e-29,60.354098322199
"HLA-DMA",1.10063526471169,7.37576115144424,12.4705152430211,2.91898766801129e-31,2.32363332609078e-29,60.1916843537648
"ARHGAP44",1.0060226457478,2.86346440417114,12.463612459634,3.11826139765089e-31,2.47217284708884e-29,60.1263642062906
"SELP",1.01782512930304,2.63541430989719,12.4584315655416,3.27667356382713e-31,2.58724552693605e-29,60.0773504816988
"UHRF1",-1.0785398085371,3.10129859147022,-12.4313536801825,4.24459112141494e-31,3.32458878076127e-29,59.8213542458789
"SNX30",1.06833495841732,4.05322183935476,12.4233828582088,4.580358529217e-31,3.57322929581277e-29,59.7460531191699
"MACROD2",1.36376003537045,2.02039037568475,12.4163378080262,4.89907191465773e-31,3.79153172823689e-29,59.6795189411432
"TMEM37",1.18317894119601,4.40952594523444,12.3663683694154,7.89006927274845e-31,6.03451062848679e-29,59.2081723316635
"ALPL",1.98915108293968,5.737312098532,12.3626721992237,8.17283475011082e-31,6.22635922388325e-29,59.1733472747484
"CGNL1",1.01217815351227,3.57475006092369,12.3498903825052,9.23072337484852e-31,7.00493377352805e-29,59.0529602912434
"TESMIN",-1.04152634391002,1.58239958800619,-12.3493558301888,9.27781948967103e-31,7.01338424445946e-29,59.0479269840962
"GDF10",1.22428854190028,1.73150572178823,12.3289431751603,1.12669852890708e-30,8.45153900356725e-29,58.855809149002
"VEPH1",1.30531466034598,2.39750095404021,12.3191171024927,1.23706128070982e-30,9.17353846299759e-29,58.7633891335803
"CDT1",-1.11528552572297,3.71920400494343,-12.3129339154506,1.31195902542539e-30,9.61922438829749e-29,58.7052526524786
"GGT6",1.76365380480539,2.91184482325115,12.2854108621157,1.7040248152281e-30,1.23544966436408e-28,58.4466595590824
"TMEM125",1.10010024458017,6.75828086562332,12.2584049732704,2.20175305863626e-30,1.57870551112437e-28,58.1932252144027
"CEBPA",1.28220062212879,4.36806851478923,12.2234656503419,3.06594716385349e-30,2.1902991771661e-28,57.8657827276259
"CTSG",1.10960167515649,1.54205586306908,12.2067292534519,3.59226499921588e-30,2.5476343374439e-28,57.7091109457471
"RTN4RL1",1.20056049705727,1.77728356788723,12.1847483719615,4.42238660142781e-30,3.12499296694371e-28,57.5035200863012
"ITIH5",1.04293556841449,1.89528837076395,12.177437521785,4.73879138047818e-30,3.33648549795906e-28,57.4351846888918
"NPC2",1.15734082396531,8.99294208079326,12.1701441139499,5.07688562638996e-30,3.53623215612441e-28,57.3670343543613
"TMEM100",1.39798108870749,2.44262529598082,12.1656120857672,5.29895922796647e-30,3.67777942430712e-28,57.3246977217421
"TMEM163",1.38583908469802,3.56531502742479,12.155963625727,5.80446695090297e-30,4.00494920975656e-28,57.2345935108026
"ECRG4",1.30096160219882,1.5436699759408,12.1558368882401,5.81141684028665e-30,4.00494920975656e-28,57.2334102025189
"KCNJ5",1.04104463748217,1.92238532010618,12.111598854909,8.82070769279536e-30,6.03614954851186e-28,56.820781545413
"SFTPA1",3.29951004077389,9.41307606921163,12.1078261954671,9.13990935028375e-30,6.21099832956738e-28,56.7856299454854
"CENPF",-1.19622226105521,3.52607388393611,-12.0906990742833,1.07398239010806e-29,7.27287449801301e-28,56.6261235235696
"CLU",1.59583590485567,6.7192220334987,12.0670282047356,1.34193419421293e-29,9.02473882404645e-28,56.4058769007477
"PTGDS",1.48258762009962,5.79823972634613,12.0332210048929,1.84379503963242e-29,1.21896727654072e-27,56.0917249174966
"SHH",1.18513177449023,1.94862474598584,12.0046897413667,2.40989955362174e-29,1.57719030182164e-27,55.8269748612485
"SFTPA2",3.19510728926802,9.71030652453863,11.9757812032161,3.15988444183475e-29,2.04063663142726e-27,55.5590760800499
"HMMR",-1.07317801873688,3.33143572041819,-11.9731136378566,3.23982694099633e-29,2.08535791518982e-27,55.53437335523
"PLXNA2",1.06093478646573,3.80083940691912,11.9621331529715,3.5906441655834e-29,2.30356359083464e-27,55.4327215981997
"LAMP3",1.46425488065481,5.72976912230621,11.9515836393,3.96323263151652e-29,2.5342598692612e-27,55.3351080117942
"BTG2",1.10265802087946,7.06147876924268,11.9454041295417,4.19909698407345e-29,2.66758920131545e-27,55.2779517154808
"AGR3",2.18559140209275,6.23340396335755,11.9238249133956,5.13775641884429e-29,3.24277227950551e-27,55.0784867253282
"SLIT3",1.1186690859705,2.52990944169563,11.8640373018936,8.97588770173417e-29,5.57505534544336e-27,54.5268923526445
"ZBTB7C",1.17057465825253,2.30930263788964,11.8626219688821,9.09505526315923e-29,5.63113850150458e-27,54.5138533252295
"DAAM2",1.18861153973289,3.18809521195111,11.8411969439272,1.11037060998437e-28,6.85302468560926e-27,54.3165771625584
"HLA-DPB1",1.19313477771989,8.4946108634581,11.8066328028767,1.53142688711248e-28,9.36282714086356e-27,53.9987396925318
"SPTLC3",1.09129108789579,2.45855305228601,11.7800131497526,1.96100354870631e-28,1.19144710935885e-26,53.7543115553856
"GPC4",1.18971631428062,5.90104974133062,11.7209880113093,3.38926022441595e-28,2.03386898943952e-26,53.2134368559155
"LRRC36",1.04523652837439,1.36899395540587,11.7185345704969,3.46711147068864e-28,2.07420475499511e-26,53.1909880520348
"EIF4EBP1",-1.07266710919517,6.55100496697679,-11.6882770610759,4.58679636952445e-28,2.72732590228157e-26,52.9143529188317
"NAPSA",2.41315363635618,9.20923388816383,11.6836836955432,4.78569834902396e-28,2.8369445258667e-26,52.872392646522
"FAM189A2",1.17419005513219,2.88224638916926,11.6784340432931,5.02354510252075e-28,2.95994562339765e-26,52.8244486800231
"ABCA3",1.67590202386696,5.84185015040015,11.6662796108972,5.62032564412914e-28,3.30160274209189e-26,52.7134918071365
"CYP27A1",1.06657460602762,5.75065251894753,11.6303955763409,7.82575579132443e-28,4.54243199994644e-26,52.3862931353494
"CPA3",1.57386897757895,4.63719741890219,11.6008154258865,1.02765904040975e-27,5.92971427961876e-26,52.1170075020637
"TLR2",1.13383145754768,4.78537785273227,11.5700723285371,1.36346635918223e-27,7.75267766855131e-26,51.8375512216283
"SLC2A1",-1.39664873586496,6.15600157529291,-11.5507552446282,1.62819994442453e-27,9.1776830971421e-26,51.6621758671345
"ST3GAL5",1.17623977524895,5.1581856080883,11.5013602346558,2.56113685034667e-27,1.42713862835174e-25,51.2144982273319
"ZNF385B",1.53644466403833,2.28172414987888,11.4922613923694,2.78367555720317e-27,1.54672434165622e-25,51.1321543604743
"PDZD2",1.00585319722374,2.23603892951321,11.4908861264936,2.81894495802072e-27,1.56187169080335e-25,51.1197115846846
"PIFO",1.27194304290615,3.07982019593126,11.4843250021795,2.99342339760718e-27,1.64452778939529e-25,51.0603614074876
"PTPN13",1.40494676002314,3.99620945977748,11.4466049182433,4.22617503358305e-27,2.28318813517923e-25,50.7195371751832
"NEIL3",-1.12374798820713,2.05520567745676,-11.4444201813496,4.3113578116141e-27,2.32277379557762e-25,50.69981668755
"LGI3",1.26120094306898,1.17879183355133,11.3814022566695,7.65934870833299e-27,4.07030729859996e-25,50.1319315971496
"CYB5A",1.00621703922809,5.4406906622943,11.377956572845,7.90342754949866e-27,4.17725060969844e-25,50.1009337055183
"SCGB1A1",3.44587396290484,5.89755004564337,11.3429377074117,1.08677497730386e-26,5.71303837799386e-25,49.7862109063043
"DES",1.44617500572444,3.08466843315246,11.3324729463698,1.19516468209828e-26,6.24914123189351e-25,49.6922721948042
"SFTPB",2.64767454559184,11.1240126330381,11.3214841455208,1.3205651056649e-26,6.88635862454078e-25,49.5936842513692
"HLA-DOA",1.24051843768865,5.26928624116445,11.3159100682633,1.38909125532317e-26,7.20517200866165e-25,49.5436969710989
"KLF15",1.19943629310126,2.70169499383009,11.3043614687967,1.54252155065688e-26,7.95867666731774e-25,49.44017745938
"CDKL2",1.23127045469793,2.80431634476602,11.2583412378995,2.3403457322395e-26,1.19174315446128e-24,49.0282808654747
"FRZB",1.04042035444012,3.72942789470619,11.256818766618,2.37280627791528e-26,1.2019958659268e-24,49.0146712245771
"CABCOCO1",1.1698480423274,1.71176775855383,11.2195873264293,3.32207884909123e-26,1.66129496907247e-24,48.6821927507194
"UCK2",-1.02414274885519,3.50980536250715,-11.20195412601,3.89519033915165e-26,1.94291297146994e-24,48.5249559858322
"RECQL4",-1.0089573575154,3.92315735980392,-11.200557028448,3.94459417605687e-26,1.96253622999074e-24,48.5125042427737
"WIF1",2.14657436108788,3.06765596558172,11.1591274458979,5.72976439590518e-26,2.81480088194808e-24,48.1436810911963
"ENTPD3",1.12923257093633,3.4711596278573,11.1500713176227,6.21628712004169e-26,3.03850244867602e-24,48.0631685299296
"KCNQ1",1.25485667311124,4.5563399970546,11.1474216562,6.36624903761402e-26,3.0916951519456e-24,48.0396193911195
"HMGA1",-1.03672678133958,8.09458897754208,-11.1103624927915,8.88233366169156e-26,4.23550497320221e-24,47.7106040590407
"RAP1GAP",1.39615729622467,5.07077602614574,11.1031264829669,9.47843215807717e-26,4.49715706711119e-24,47.6464387505391
"RCAN2",1.08680641744792,3.79810155844843,11.0981536163091,9.91098563229815e-26,4.68024098757169e-24,47.6023564372304
"SCNN1B",1.53475752300484,4.93319836262872,11.0957547546542,1.01266057872206e-25,4.7705119001972e-24,47.5810958138102
"GPC3",1.45703299447744,4.32932016241659,11.0846341914981,1.11886872806478e-25,5.23292489291305e-24,47.4825726687856
"MAOB",1.11568692579824,3.94924323656979,11.054934222683,1.45994542146588e-25,6.79554070521459e-24,47.2197364565637
"CRTAC1",1.65895933716857,3.59558108468143,11.0049456588364,2.28254447723781e-25,1.04498743989599e-23,46.7783153747914
"FMO5",1.40931176810912,4.29820080864545,11.0004073608123,2.37691441941135e-25,1.08259809423099e-23,46.7383002665925
"C4BPA",2.16317006609596,6.70669825272389,10.9474003623716,3.812359224194e-25,1.71318990666948e-23,46.2716705252432
"SEC14L6",1.163825938025,2.24192299153784,10.94175860123,4.00864167529291e-25,1.79313161911096e-23,46.2220860436165
"FGFR2",1.09397327370437,3.07212352731011,10.9145301409397,5.10659251057129e-25,2.26865316022032e-23,45.9829994041803
"NDNF",1.59615268975852,5.17294732985421,10.8997658637418,5.82201291543913e-25,2.56313132934107e-23,45.853510285004
"CFTR",1.31932485383482,2.24145011978803,10.8821193276609,6.8088005470752e-25,2.98409072066534e-23,45.6988835377633
"IQGAP3",-1.01375983052592,3.61962387595776,-10.8424359163471,9.67700343831094e-25,4.15706163121979e-23,45.3517226935342
"CTSV",-1.17040102153264,2.15190314985796,-10.8420112552787,9.7134350075822e-25,4.16354116379947e-23,45.3480118710902
"COLEC12",1.14764525891483,3.81156799893285,10.8069089022087,1.32475453417279e-24,5.60448756615443e-23,45.0415866644519
"CD207",1.8443817390064,2.86713988091168,10.8053249412184,1.34341510405988e-24,5.65888224070838e-23,45.0277739911268
"DMBT1",2.25071744749822,4.22427394386963,10.7876755924207,1.56986615190981e-24,6.58432248617142e-23,44.8739505009504
"SFTA3",1.6943377113618,5.88882457612916,10.7779561916652,1.71036911591085e-24,7.09730401438495e-23,44.7893072533106
"LPL",1.51047459279752,4.29281243566678,10.7125235907263,3.04213895614242e-24,1.24123087995074e-22,44.2207094698183
"HLA-DRB1",1.19016744889125,10.5297736315563,10.7051845003336,3.24468005755259e-24,1.32110637082355e-22,44.1570686097459
"COL4A4",1.06836762275958,3.03463426031693,10.6928876180302,3.6145025597816e-24,1.45347718398805e-22,44.0504973466038
"SHE",1.24163839232516,3.00077261936397,10.6904394794595,3.69298125113213e-24,1.48197969837099e-22,44.0292896224004
"FOXA2",1.66303843821744,4.32355975550791,10.6827337636173,3.95121815764053e-24,1.57588154863933e-22,43.9625563995029
"TNNC1",1.31293938433381,3.53917208527078,10.653140985087,5.12083102363962e-24,2.00948827875339e-22,43.7065563708002
"AQP1",1.62242167165522,7.50749973088833,10.6401589858133,5.73694222895501e-24,2.24223615814248e-22,43.594392741253
"AOC3",1.05846984099418,4.78953587297897,10.6390401546582,5.79336691784085e-24,2.259760699973e-22,43.5847301315497
"PRDM16",1.14605124615197,2.05727928928505,10.637528001782,5.87050454734224e-24,2.28072609933896e-22,43.5716716746159
"HLA-DPA1",1.15689406248567,7.73099601037153,10.6312515145583,6.20173644637309e-24,2.39985051415901e-22,43.5174824521443
"C4B",1.11194910936409,2.86460657854322,10.6239964174645,6.60780390856441e-24,2.54687746301841e-22,43.4548692679953
"TPPP",1.13966015471978,3.00583585128937,10.6156987949879,7.10468380067303e-24,2.72761118434107e-22,43.3832918037483
"PRSS12",1.31797862616789,2.42508420286118,10.613346978111,7.25214733916144e-24,2.77875500109362e-22,43.3630108166082
"SLC34A2",1.79514898408421,9.47638317622075,10.6089099122276,7.53868827181425e-24,2.87162182353893e-22,43.3247553045948
"CACHD1",1.15622398377539,3.08613682539923,10.5630157887122,1.12489341772484e-23,4.2189992934399e-22,42.9296572058168
"HHIP",1.21334908810442,1.51072103442088,10.5434821894761,1.33336842799064e-23,4.96272604028654e-22,42.761822848209
"CD74",1.08478367487032,11.4620551261022,10.507694552815,1.81974763073002e-23,6.74725057835124e-22,42.4548434695948
"COL4A3",1.19094650499591,2.63665162200107,10.4857294846266,2.20173611744254e-23,8.11728913014778e-22,42.2667598986818
"MYH11",1.23124194497856,3.73939962383687,10.47866161108,2.34083510305291e-23,8.53332841398895e-22,42.2062920443828
"CHIA",1.52635892429384,1.90356130717528,10.4324177886062,3.4927729754382e-23,1.25914142957433e-21,41.8113039148986
"SLC40A1",1.03429396447997,6.752241269762,10.4191141824047,3.91814794989909e-23,1.39699523705452e-21,41.6978790718729
"CTSE",2.35161542147957,6.49910525831681,10.415623347616,4.03804010183109e-23,1.43711489244547e-21,41.6681320134431
"RHOBTB2",1.06725230168343,5.34736021424331,10.3766449004398,5.65124198577638e-23,1.98946159654507e-21,41.3364126562583
"PRR15L",1.19153067435032,6.60959597611206,10.370827084156,5.94158128227691e-23,2.08543839029549e-21,41.2869696701767
"ZBTB16",1.02339477538981,1.318531420727,10.3707552268969,5.94525839616619e-23,2.08543839029549e-21,41.2863590993727
"SCARA3",1.04731607895628,3.6047857113455,10.3617106807753,6.42659908325691e-23,2.24218178749123e-21,41.2095293687378
"CA4",1.02192206288458,1.33185103550667,10.3471508172442,7.28400421268508e-23,2.52326703658965e-21,41.0859399547027
"KLHDC7A",1.12342863614577,2.55410226672874,10.3316805576288,8.3196923348356e-23,2.85667182405455e-21,40.9547455538147
"CCNE1",-1.01318191944375,3.09856425104096,-10.2867260018479,1.223416884389e-22,4.11384474073079e-21,40.5742318693943
"TPSAB1",1.28917672704813,4.33510749745165,10.214317592389,2.27165203890317e-22,7.48378880316362e-21,39.9636026278543
"C5orf49",1.20517552623195,2.24791024967556,10.2031352983582,2.49885475330596e-22,8.21840881175821e-21,39.8695513708819
"HILPDA",-1.00184556142611,4.86928469201783,-10.1536167830415,3.80821469261323e-22,1.23374769352219e-20,39.4538741504569
"OLFM1",1.01832079876253,2.25062048438746,10.150535976621,3.90919028632986e-22,1.26226718798495e-20,39.4280564525415
"SLC7A5",-1.13741309109734,5.92000357393874,-10.1502320237593,3.91929544114119e-22,1.2634383303897e-20,39.4255095526895
"HLA-DRA",1.08260264527521,11.4105323748918,10.1322305197546,4.56637811144563e-22,1.46477092611059e-20,39.2747595349303
"SNTN",1.0417742338168,1.33593265069308,10.1178896717415,5.15687341000382e-22,1.6460638644076e-20,39.1547907424892
"PGC",3.21807077354856,5.81408012463483,10.1146897886238,5.29864087790431e-22,1.68855217388509e-20,39.1280372684936
"OGN",1.13576765875669,1.98864807716231,10.0516848543863,9.02782321842472e-22,2.83525984265599e-20,38.6024042485483
"GKN2",1.81735828594723,2.28988431894256,9.97425452844407,1.73263783052271e-21,5.25530880383893e-20,37.9594037258206
"AC007906.2",1.56181391361793,2.91873970984852,9.89285981116479,3.42606213612387e-21,1.0078203595901e-19,37.2870552989403
"SLC26A9",1.66889119433447,3.70443795330776,9.88935383675383,3.52787595075196e-21,1.03464909274459e-19,37.2581775433103
"C5orf38",1.41537126895404,2.98707713763782,9.86746050751072,4.23511935943211e-21,1.23649001297911e-19,37.0780034884232
"C4A",1.00277187148587,2.69663206241498,9.85856061613212,4.56131873532109e-21,1.32183357050471e-19,37.0048373079393
"PNMA2",1.12397767529811,3.61849162476315,9.82319697906123,6.12275608820323e-21,1.75606047041511e-19,36.7145511116812
"FAM216B",1.28905554373783,1.57499507195085,9.81425345723065,6.59529656091102e-21,1.88604206491859e-19,36.6412486067102
"CXCL17",1.60874757339365,8.59130421102337,9.80829146530492,6.93022326194236e-21,1.97602550113541e-19,36.5924082077205
"SLC47A1",1.04052790966203,2.58377376045073,9.80384977555374,7.1906602816606e-21,2.0413311131474e-19,36.5560350832236
"CRYM",1.58014118511037,3.3115938157352,9.80235722580341,7.28033648090368e-21,2.05780293314586e-19,36.5438150473113
"SLPI",1.71336005276175,9.60787011359617,9.78008091007562,8.75838273416981e-21,2.45423474805336e-19,36.3615803399683
"KCNJ15",1.32564721252834,3.33082479177852,9.77328784912722,9.26571028603428e-21,2.57950341697804e-19,36.3060644867587
"LMO3",1.41848666203702,4.45445307697558,9.74764088946669,1.14579235427142e-20,3.14295193886858e-19,36.0967019119783
"TPPP3",1.31438019722386,4.81300514402615,9.70076955663357,1.68749566944893e-20,4.54574972945613e-19,35.7150447059315
"TMEM130",1.28172186605255,2.69171893333749,9.68532376711482,1.9166030427503e-20,5.12048070448755e-19,35.5895491954527
"PARM1",1.17910352284044,6.32508728471738,9.68093228198084,1.9871982450219e-20,5.29458024216696e-19,35.5538936990113
"ADGRD1",1.05775728927627,2.59892691615332,9.66555791663247,2.25527969361611e-20,5.99246864640258e-19,35.4291525508675
"SLC46A2",1.20332341481473,2.09861307704254,9.63762823088475,2.83721940068636e-20,7.48772530062057e-19,35.2028893912568
"HOPX",1.47248143940689,6.15305587551897,9.61142878270021,3.51750581914488e-20,9.21476372716388e-19,34.9910506442458
"ALOX15B",1.56702504714955,4.97081528124025,9.6027413093449,3.77701441386032e-20,9.83486143037621e-19,34.9208943350478
"SOSTDC1",1.11256389003983,1.28893160654929,9.59191099200096,4.12725679564558e-20,1.0661442289467e-18,34.8334943208611
"LRRC31",1.32896850177789,1.95310427554998,9.57864716598089,4.60032358981488e-20,1.18052777594947e-18,34.7265483497206
"IRX2",1.65291309473236,3.80197488570877,9.54378747340315,6.11558575443227e-20,1.55100479803241e-18,34.4459609790454
"MALL",1.08664399548516,4.24244841383132,9.52141124615575,7.33919983667768e-20,1.84930767977681e-18,34.2662253800435
"B3GNT8",1.14381856671385,4.47685132850989,9.51305414486119,7.85598013238756e-20,1.97697007125103e-18,34.199172239382
"MS4A15",1.8177971915178,2.74855395440968,9.49985042281804,8.74691053007078e-20,2.18147053795359e-18,34.093315245576
"STC1",-1.12827192442732,3.94404671749208,-9.46212931227299,1.1882252721656e-19,2.93713022598806e-18,33.7914583441769
"RCOR2",-1.00173159367075,2.22076098440616,-9.44235290154355,1.3947886146742e-19,3.4303357316508e-18,33.6335339351644
"C9orf152",1.20608192904408,4.1201755440904,9.35275423038932,2.87504101738646e-19,6.84638888425985e-18,32.9209300777402
"HLA-DQB2",1.42414199504962,5.8844083622001,9.34409068449613,3.08255498173373e-19,7.29600361756712e-18,32.8522781980384
"KCNK5",1.08816463677285,5.2900424279693,9.33225966458114,3.39010067537089e-19,8.01419799657679e-18,32.758598547788
"CHI3L2",1.17473252465836,3.36254925388084,9.31733335487735,3.82180971367604e-19,8.93726077288056e-18,32.6405287205059
"VWA2",1.02207487288654,3.76277378327823,9.31419258770613,3.91936267014263e-19,9.14346054495116e-18,32.615701571398
"SULT1C2",1.1301507015596,2.38831791502025,9.30156800036643,4.33700599416008e-19,1.00695985600124e-17,32.5159659938281
"PSAT1",-1.0929808926031,4.8019059466252,-9.2789268432796,5.19939401470427e-19,1.19721111533385e-17,32.3373367302716
"AGTR2",1.27785313557496,1.55739630820195,9.26805973445784,5.67165700142264e-19,1.29829021712143e-17,32.2517086343212
"PLOD2",-1.07315655503371,5.06730563000987,-9.25874469657185,6.11013052302734e-19,1.39212471484348e-17,32.1783664674933
"CH25H",1.20166738965765,3.77258765981663,9.21654129823454,8.5564862947531e-19,1.91812818628241e-17,31.8467294580948
"GGH",-1.03711156883631,4.25930427357167,-9.21589086110707,8.60093750640792e-19,1.92587926736479e-17,31.8416266613349
"PLA2G10",1.32549548580383,2.90089485022104,9.21424094567473,8.71472234955083e-19,1.94911960990011e-17,31.8286839196022
"MMP28",1.50424660352397,3.73089967272101,9.20983283805733,9.02608958686658e-19,2.01413987657505e-17,31.7941126157395
"FCN3",1.1436151200672,3.12196475400856,9.20365977175936,9.48072748765766e-19,2.1083537992222e-17,31.7457190174403
"BMP3",1.38045683812042,3.09166494445374,9.19512250836486,1.01470818667094e-18,2.24374759236319e-17,31.6788292240903
"TPSB2",1.28900811582648,4.24272753983454,9.13299937866946,1.66123825626748e-18,3.56818609162828e-17,31.193419378808
"WFDC2",1.29350500891394,9.08499967697735,9.13248103285393,1.66806914685925e-18,3.57891667449901e-17,31.1893790371153
"BNIPL",1.20451393297534,3.10614105914596,9.11552375297833,1.9075517796339e-18,4.07927438138156e-17,31.0572924952143
"MYBPHL",1.27817131959719,1.98453462166348,9.11029005533914,1.98812317680421e-18,4.24227202595323e-17,31.0165606205886
"P3H2",1.21023910060488,3.39585066636901,9.10643369913066,2.04963885067438e-18,4.3687548092571e-17,30.9865587452422
"FAM81B",1.00350326462231,1.86193703542975,9.0840727859165,2.44533252270529e-18,5.16139828899581e-17,30.812772918601
"GAL",-1.2536182803374,1.48414773294986,-9.07682290088733,2.58919563527232e-18,5.44149595632716e-17,30.7564933768447
"PPP1R1B",1.7129780208946,4.16770266262189,9.06600603667824,2.81955917201906e-18,5.89387594125271e-17,30.6725837633153
"FAM83A",-1.42189022244291,5.1421071900153,-8.96058631709211,6.44654825213115e-18,1.2934879687378e-16,29.8585741552419
"FCGBP",1.32585273539106,3.37290160850326,8.95827700395755,6.56389800155829e-18,1.31432959675966e-16,29.8408192533849
"CD1A",1.41237715519487,2.67155374408134,8.95203430959556,6.89181711483183e-18,1.37575342057897e-16,29.7928395065769
"SCUBE2",1.09719642045182,2.52343202361979,8.93904298867726,7.62711532893382e-18,1.51170355955484e-16,29.6930689599399
"HLA-DQB1",1.10671969162141,7.16345724957629,8.9231570291032,8.63248230407946e-18,1.69546125253234e-16,29.5712105069879
"RRAD",1.27172656841198,4.77862881576957,8.91134120003203,9.46432883500819e-18,1.84952710690546e-16,29.480674996776
"HAS3",1.28850328534304,3.80482163062424,8.88670611021638,1.1462293221574e-17,2.20680261303413e-16,29.2921949054993
"FOS",1.04756411990338,7.67148310237839,8.88059826341834,1.20190445669797e-17,2.30943277034291e-16,29.2455230300115
"PFN2",-1.0663497915079,5.91460425516513,-8.87708033376736,1.23517780802503e-17,2.37103078640868e-16,29.2186520486625
"MFSD4A",1.36237136239024,3.92810872104766,8.86115303221372,1.39759622956628e-17,2.66444958604409e-16,29.0970913605192
"FOLR2",1.00297468916102,5.03688216413147,8.85835729675598,1.42821093315506e-17,2.71903576997498e-16,29.0757700495898
"CHIT1",1.49481327523609,3.69952268434854,8.83574358133469,1.70151073967672e-17,3.20005438340551e-16,28.9034893569104
"FLRT3",1.08883790830523,4.20511827538232,8.81092906191998,2.06119814396627e-17,3.82488557581106e-16,28.7148110404963
"SLC22A31",1.58193468862469,6.0652934588277,8.81020885064833,2.07269079814028e-17,3.83890680305127e-16,28.7093406575309
"MAOA",1.0506711546784,5.70615427427071,8.76414234956558,2.95596555690149e-17,5.40074782603032e-16,28.3601199752279
"AMOT",1.05433105623155,2.96055603507354,8.75584248859404,3.15075452745034e-17,5.73755047141588e-16,28.2973427744871
"C20orf85",1.78356158001122,2.75579108872245,8.71720477071755,4.23827960623046e-17,7.61134135914481e-16,28.0056747141287
"MS4A8",1.39908712140489,1.98372105786134,8.71341029480523,4.36329247680807e-17,7.82144238742534e-16,27.9770820491255
"APOD",1.49671230133425,5.0896974968446,8.71283724642282,4.38248655965947e-17,7.84863502048105e-16,27.972764729476
"SYBU",1.01650399790425,3.00427585850111,8.69049869475128,5.19949425429329e-17,9.201972453855e-16,27.8046297647256
"TDRD10",1.03431284900429,2.24423239515659,8.63895966823367,7.70421777387052e-17,1.32617263233713e-15,27.4179253813798
"HLA-DQA1",1.03508759769862,6.43592918990052,8.61535237312294,9.2194631599988e-17,1.5758737073572e-15,27.2413636361571
"IRX1",1.05270562467987,1.29914245763317,8.57399526922882,1.26166312290304e-16,2.13040830181628e-15,26.9329111392406
"AQP5",2.1092468427513,4.46207330334905,8.56431940612898,1.35753034872037e-16,2.27847800267584e-15,26.8609047820044
"HLA-DRB5",1.19118483170333,8.86980907671193,8.5637974422766,1.36290189182003e-16,2.28356319554691e-15,26.8570221187732
"NPNT",1.05123855566455,4.72775311761838,8.55993956457615,1.40326055940053e-16,2.34514059040176e-15,26.8283304837816
"AADAC",1.20129969838714,1.88002427455527,8.555192555535,1.45454561854517e-16,2.42254510661712e-15,26.7930394149699
"IGF2BP3",-1.10035660877306,1.80083700927642,-8.5330068207555,1.71989583753901e-16,2.8426380101291e-15,26.6282951423808
"C3",1.15877759733157,8.09905933195301,8.51666453329497,1.9454584476164e-16,3.18417788536686e-15,26.5071460394628
"FGFR3",1.25386746242338,3.80058502705465,8.4890529367754,2.39485863519787e-16,3.86967091650903e-15,26.302848237753
"CPB2",1.31069644588165,1.91560586282398,8.473863627906,2.68436223312252e-16,4.30889848827889e-15,26.1906738374407
"CYP24A1",-1.75815013541447,4.18228238495246,-8.46689971457336,2.82840927427863e-16,4.53265949681645e-15,26.139294888036
"ZMYND10",1.00928865736887,2.1505961252492,8.45999980075391,2.97866355694376e-16,4.76171109435035e-15,26.0884192592569
"CTHRC1",-1.03055424855238,6.4367453095585,-8.41246987824223,4.25116944161968e-16,6.67556824636946e-15,25.7388073469111
"SPINK5",1.3365424782159,2.84630547311203,8.354407239194,6.55197738291401e-16,1.00775406071744e-14,25.3137281285096
"TSPAN7",1.11956480934019,3.81402530194683,8.34680507438541,6.93265228146203e-16,1.06378849288241e-14,25.2582363847141
"SFTA2",1.45570163794,8.53272582089021,8.31211511734595,8.96631027239189e-16,1.3672396344211e-14,25.0055019477128
"ABO",1.01543615675696,3.75161115264818,8.31158198565578,9.00177169458459e-16,1.37157463562096e-14,25.0016240053927
"GJB1",1.59792707376539,3.50604976507152,8.31074096618954,9.05799431125599e-16,1.37906372406265e-14,24.9955069026799
"ZNF750",1.11278318337269,3.07872091174916,8.26413704621445,1.27808735129068e-15,1.90278913070398e-14,24.6572682546986
"NKX2-1",1.29290611265855,6.79027000608055,8.25739071183751,1.34324473521338e-15,1.99370639808726e-14,24.6084245570211
"HPGD",1.41263803662841,4.82128390671442,8.19926133097176,2.05914911433365e-15,3.00370868936793e-14,24.1888211031923
"STEAP1",-1.0676560598383,4.86977375624078,-8.17458773327362,2.46687871965172e-15,3.57440829638689e-14,24.0113982493941
"C9orf24",1.14638273996156,1.97328315992654,8.14424570879653,3.07888999956339e-15,4.38944383490385e-14,23.793774176167
"FABP4",1.09160474407587,2.51710459525145,8.11187498183072,3.89748587043572e-15,5.51615870327343e-14,23.5622815831677
"CCL19",1.30186260447293,5.61235696921869,8.09847711473253,4.29610201777548e-15,6.04087077524696e-14,23.4666760231993
"AQP3",1.30990329413432,8.1977151598746,8.07433149707712,5.11869248614077e-15,7.15113607143291e-14,23.2946818127991
"BAAT",1.01124196487169,1.47450372477349,8.0645236367877,5.49561397162303e-15,7.63941263639088e-14,23.2249309818988
"SLC44A4",1.08105979167922,6.5116235050121,8.05562256687007,5.86133342226972e-15,8.11886262319079e-14,23.1616853713492
"EGLN3",-1.10329897441804,4.01564908127563,-8.02530647942288,7.29662461646905e-15,1.00215542179575e-13,22.9466807191166
"CLIC6",1.35540008519157,6.0295835909305,8.0183428237964,7.67246465723753e-15,1.05004078867363e-13,22.8973819403337
"IRX5",1.0078521864378,3.70707992392723,7.95224648969096,1.2338792425233e-14,1.65277107602555e-13,22.4311019458987
"MRC1",1.07391724445787,5.05012881173945,7.92652162384955,1.48332236589531e-14,1.97334489099975e-13,22.2504316993359
"CCL17",1.1514788526758,3.11059663278177,7.91465781749735,1.6145357408791e-14,2.13769793308656e-13,22.1672629829186
"ADRA2A",1.08543395561147,2.82796080542387,7.90040912056668,1.78733250361742e-14,2.35688612698111e-13,22.0675032507231
"CAPN8",1.2110195070428,5.09394809247123,7.86722317653147,2.2637055446239e-14,2.9511396548663e-13,21.8356992483983
"FOSB",1.42816336344499,4.15140949864969,7.85831820975238,2.41157064853449e-14,3.13134902519095e-13,21.7736271701622
"SPOCK1",-1.04078055331583,2.18028803701188,-7.82852027506695,2.97909484324685e-14,3.83760150117855e-13,21.5663189462079
"SORCS2",1.0007932981798,2.94024854451639,7.81493941736327,3.27966537660794e-14,4.20811275263057e-13,21.4720388927817
"SCGB2A1",1.33131047705652,2.28429960627828,7.79634387744488,3.74024967355144e-14,4.77708509386206e-13,21.3431536493568
"CLDN2",1.69319690897174,3.01251964565684,7.78173328613036,4.14638638207126e-14,5.26477692770415e-13,21.2420563818193
"PCP4L1",1.47002011041095,4.25197342644357,7.72808623403471,6.04657810035833e-14,7.55454277330484e-13,20.8721225895646
"CLIC3",1.03237493026026,4.9133899057776,7.72537281696202,6.16273936051035e-14,7.68982122508211e-13,20.8534650248306
"LTF",1.5294978162097,4.84152025538369,7.71723824912985,6.52432745766569e-14,8.13060437104498e-13,20.7975622462928
"LYPD3",-1.1500719224271,3.43277562146975,-7.71663306760127,6.55204933784001e-14,8.15472994485601e-13,20.7934051368377
"RHOV",-1.2041732965358,4.57619840894563,-7.70984700876957,6.87096730428042e-14,8.52445771853569e-13,20.7468079224673
"PTN",1.00119223313764,3.35445520075969,7.70550223716771,7.08314098957914e-14,8.77095229966743e-13,20.716990993011
"COL11A1",-1.40175357118122,3.26231583605925,-7.69134807159587,7.82015124696865e-14,9.62248642079682e-13,20.6199466637862
"MUCL3",1.1847354878694,1.7037920213022,7.68801438908546,8.00445125773853e-14,9.83065572290143e-13,20.5971105681975
"ATOH8",1.07806258010116,3.21390085370197,7.67974927151082,8.48005391001629e-14,1.03820773011329e-12,20.5405272078038
"MYEOV",-1.35400971982011,2.55226656888772,-7.66989215219046,9.08379436059649e-14,1.10587541457374e-12,20.4731076077646
"HABP2",1.36279619945533,3.23404888746013,7.6635225879008,9.49626117695124e-14,1.15321034703661e-12,20.4295780790274
"ADH1C",1.43129346677379,2.78221293159419,7.61048797779388,1.37295133325511e-13,1.62381260475891e-12,20.0682486608686
"NRGN",1.08551468233793,5.20216147733409,7.57647820541357,1.73732033851955e-13,2.02165623879157e-12,19.837581644623
"CAPSL",1.04519437562004,1.63088382500047,7.53071668777615,2.38164293102907e-13,2.72110029782425e-12,19.528503025562
"C15orf48",-1.15597746367147,6.109304331613,-7.52000714839779,2.56357736994359e-13,2.90682845616336e-12,19.456384363079
"PRODH",1.0789109291044,2.97421098193146,7.49440656033618,3.05581851111859e-13,3.42909254443878e-12,19.2843194880624
"GREM1",-1.04380460718847,2.98164674476288,-7.40227920549621,5.72777096498126e-13,6.23722597040924e-12,18.6689960134776
"FOSL1",-1.05293883300318,3.44718381151307,-7.38778558013776,6.31940378253082e-13,6.85850483977176e-12,18.5727467792494
"ANGPTL4",-1.14019467014422,5.06517687380341,-7.35525095180342,7.87537278515843e-13,8.40226452018298e-12,18.357242098659
"FAM3D",1.10437928984553,2.12832056031764,7.35159319414611,8.07231717700588e-13,8.59827427106203e-12,18.3330614017107
"GNG4",-1.04630605525093,1.59379852159188,-7.30537515937275,1.10201376512453e-12,1.15427360156948e-11,18.0283569605927
"CXCL14",1.66260957765018,5.62721439808512,7.28992012652263,1.22249306952361e-12,1.27294620047619e-11,17.9268109833293
"HBB",1.25072304469803,5.40165625746766,7.28324094389386,1.27848852044937e-12,1.32841564274502e-11,17.882979653857
"GDF15",1.07487093017036,6.2139234780686,7.2441710040651,1.66033517618727e-12,1.69981716226669e-11,17.6272379335003
"SHISA3",1.4282692978217,2.65090724266967,7.1749388283354,2.63119497218756e-12,2.60092222719585e-11,17.1767978303475
"MMP12",-1.31296140788162,4.56390924772897,-7.14466207149,3.2146187316947e-12,3.13160385235973e-11,16.9809140667012
"SERPIND1",1.26148833319441,2.36207474918224,7.1224962339509,3.72069366920526e-12,3.58611529941785e-11,16.8379333924551
"CEACAM6",1.32505118537046,9.88282911240099,7.06713194347285,5.35233452237078e-12,5.07963893867627e-11,16.4823887340924
"GLB1L3",1.12819126146542,1.75883835954816,6.90686158441789,1.5144097322434e-11,1.34252422763378e-10,15.4659727619889
"TMEM190",1.03643083688078,1.91642728299168,6.8885747970588,1.70319418639949e-11,1.49897997370709e-10,15.3512197614054
"PLA2G12B",1.06760229203688,2.09425974278739,6.84734057206556,2.21777513821212e-11,1.9240777811633e-10,15.093389589571
"MUC21",1.53329672600079,4.36554532049669,6.81997286144832,2.64067084742923e-11,2.26876667565693e-10,14.9229714115818
"HBA2",1.01558565159729,3.74101003833831,6.81128880140522,2.79071325424461e-11,2.38611488809876e-10,14.8690141168481
"PRAME",-1.41557943660759,2.41331926315705,-6.76848602401771,3.66150353916575e-11,3.07964311896986e-10,14.6038981243752
"FDCSP",1.17438531490304,3.25394549988921,6.68490337454816,6.19829550966535e-11,5.05796474163194e-10,14.0902059541718
"ST6GALNAC1",1.05239698904072,5.2345901664802,6.66081228837474,7.20686089890103e-11,5.81528374477727e-10,13.9431327590577
"DPP4",1.09087553986005,5.51688871564967,6.63653660127532,8.38554440539804e-11,6.70259313682286e-10,13.7953816648307
"APOH",1.16265519593309,2.63070598187752,6.57591887907956,1.22169681269988e-10,9.5307011752343e-10,13.4284128940836
"MARCO",1.10472367834253,5.42034174155297,6.52239355573961,1.69932644455839e-10,1.29460795500868e-09,13.1067320657336
"CES1",1.15330052990444,5.36375717099933,6.44898175409205,2.66261647525214e-10,1.97448703866321e-09,12.6691404711403
"HHLA2",1.36618292052426,2.37805579439235,6.44353899887285,2.75231234246063e-10,2.0371289417461e-09,12.6368639849508
"NR0B2",1.09338696510237,2.28856020135984,6.39011996038365,3.80543165319118e-10,2.7509387801444e-09,12.3213043154225
"TNNT1",-1.23879809486036,3.52148220488733,-6.21514031827229,1.08311516187199e-09,7.33472048680186e-09,11.3033116345843
"SERPINB5",-1.12200967758952,1.93492588128993,-6.11000357597057,2.00771940548406e-09,1.3122168755079e-08,10.70328245667
"PCSK2",1.16143448382247,1.25100285233814,5.98542702296334,4.12539324969667e-09,2.58789142968267e-08,10.0037236405506
"UCHL1",-1.21981232821461,4.76554391297849,-5.98222004069196,4.20191609722271e-09,2.62997335186567e-08,9.98587924716666
"ABCC2",-1.00666109265948,1.45848506765375,-5.9636820692492,4.6721735415828e-09,2.895500495122e-08,9.88289194622818
"CDA",-1.04981768591496,4.3919441376506,-5.9078227312351,6.42149473881339e-09,3.90637591675226e-08,9.5742425955016
"GSTA1",1.28192785848162,4.14807374488355,5.87890907126814,7.5632681745874e-09,4.54705361310043e-08,9.41547181368681
"KIAA1324",1.00115150110059,4.05581452161808,5.83411961412545,9.73291146649701e-09,5.74692619833761e-08,9.17086239600733
"IL37",1.23180457972029,2.50448018324002,5.60620740233399,3.42693891915599e-08,1.8848164055358e-07,7.95153954278732
"FGB",-1.74903254847294,2.96551591967798,-5.6022901727644,3.50061960075207e-08,1.92154753936019e-07,7.93095563529652
"PCSK1",-1.03079827449224,1.27355978395016,-5.57372765760822,4.08645322010687e-08,2.21938449322596e-07,7.78125129809681
"ORM1",1.01848097681347,3.47933331421855,5.56678592532922,4.24263880082929e-08,2.29717336292542e-07,7.74496963671935
"MAGEA3",-1.20199543970636,1.46629639718139,-5.51710471162363,5.5427820847149e-08,2.94552803809795e-07,7.48647161389996
"MAGEA6",-1.08587138288828,1.28845215929503,-5.28151384941766,1.91626290346789e-07,9.2277153388719e-07,6.28869133654628
"PAEP",-1.50860940432004,3.55521334525371,-5.21136614232981,2.74838023261507e-07,1.29590961747263e-06,5.94106281284461
"HP",1.08897915324996,3.30931645628906,5.14776016220009,3.79822808853517e-07,1.75288316163515e-06,5.62945606062389
"CPS1",-1.31601554718522,2.26817436277223,-5.07181798370128,5.56475477026125e-07,2.50469627855615e-06,5.26192181689031
"BPIFB1",1.26133290284578,4.91424626782613,4.919474746597,1.18017631703165e-06,5.01131694122976e-06,4.53951296534103
"FGL1",-1.15976682455597,2.70864969285118,-4.83282281979488,1.79444073928516e-06,7.39268646773944e-06,4.13752763492566
"CT83",-1.09659487264889,2.60506169265598,-4.77301514377065,2.38753367040249e-06,9.65076777581341e-06,3.86386836812945
"MSLN",1.2659782969318,6.78156446712018,4.49242694711669,8.75794494701832e-06,3.22580170541451e-05,2.62169196588072
"FGA",-1.10098891512185,3.88885476414898,-3.66149366311664,0.000277504310658666,0.00078699528439377,-0.645195958920005
